-0.07061483567626017,-0.23094018876925682
-0.008755767982533457,-0.11207138830282523
0.07395390211973174,-0.16862189265543873
0.06651868499398933,-0.2872274211218452
0.02988401613611401,-0.2636678723214922
0.0934626934707157,-0.30662752867252707
-0.005385527649610293,-0.13791872466290755
0.04454229108494388,-0.2031554427353489
0.08526639393725821,-0.06802058774838493
0.07997230755296045,-0.15090551211930792
-0.08901784271209195,-0.22312104079737016
-0.13759041394520732,-0.2348993570056524
0.0038932947474760796,-0.15313496837498475
-0.040165749368402344,-0.21480672196084225
-0.08161545770481796,-0.14150541635979474
-0.028375766543525187,-0.13611346424463924
0.02438742693089954,-0.20017818062819956
0.009193628082897016,-0.18046959629267964
-0.0623772330335535,-0.15992149551131293
-0.0370108872466874,-0.19121291542471902
0.001817672782353905,-0.16199103339294674
0.017056786404597315,-0.07745720086202365
0.015437779644583222,-0.15948443164667211
-0.06135202899226708,-0.05859907737811035
-0.037582798411729804,-0.09205395699987226
-0.04576585773785975,-0.030429141927786285
0.05810293850495918,-0.12152030800102467
0.06997176709406079,-0.1156095239273662
-0.08583460094209586,-0.053902709591514525
0.010038922716980116,-0.1421883655778539
-0.03185490005706496,-0.030204847758389913
-0.003904051413987343,-0.06965809810252668
-0.07006701167808199,-0.08990240408303068
-0.07570795038543399,-0.047848439787770064
-0.10716266220738224,-0.02386228747248101
-0.052626881819622634,0.0255999946577663
-0.01558394103709433,0.07346956782708242
-0.03034542157425715,-0.014961140391103384
-0.01980538749588772,-0.005796078423613876
-0.014014286709970295,0.05462274241671322
-0.02896014827367932,-0.10550836319203738
0.00040936042710203874,0.06838245507392304
-0.0724015263328343,-0.04438762613213365
0.08773297227157927,0.027520489931630254
-0.10103462155244847,-0.030590946115788775
0.04919617397605816,0.09761753647524873
-0.022798302838094482,0.11386956567974782
-0.009123693387117535,0.043717353442033424
-0.07276938988219078,0.04447263538621443
-0.021364973491840692,0.0035119755658163943
-0.06143302961790067,0.060267122561856235
0.06976374758299858,0.05580607243134156
-0.057518521210781146,0.12421790039231018
-0.09860321366390486,0.13903093034487274
0.002389193346367148,0.05769027179834235
-0.06740119400931435,0.049214897941430136
-0.14371385788406332,0.021240758081881472
-0.06075477760416955,0.07509365514977562
-0.04709774464894298,0.09504473622440279
-0.06930360008097627,0.13528807882002775
-0.10600756970728292,0.1124339577088655
-0.1479868091708947,0.133875188978535
-0.03574495376974241,0.23559343978132374
-0.06538074026140817,0.2060489078781345
-0.14711740155661956,0.13827634436238412
-0.06794060504720947,0.16742777330579284
-0.05959925394126,0.1104652524987092
-0.14837524478380687,0.12954326165676572
-0.04207586465596086,0.19930202108045014
-0.1552530144949137,0.12520137443357615
-0.06823788353855795,0.20983298869065886
-0.14682901554363317,0.2186267222712961
-0.09832172972012797,0.23639974914969725
-0.09966983592460742,0.07307552640714504
-0.11271834168491703,0.21710975314843312
-0.15155165281720362,0.21091684635674907
-0.04881031998899224,0.26070513934558426
-0.09215709748713237,0.17457477980569253
-0.1727098617302815,0.2155537150096969
-0.07763060675828475,0.2443139773989167
-0.17277500475511715,0.23573051988350657
-0.09410426220433052,0.2527868393571183
-0.14665457622373906,0.31442826402964286
-0.06692204216194002,0.19399977468552554
-0.19175567589684434,0.23290689126437591
-0.23219637158271506,0.2594384958287771
-0.11369556475728804,0.19866058180091278
-0.10600019104156128,0.2975396634969325
-0.20169592197800507,0.1874894873589832
-0.20898707511615477,0.2518190571923452
-0.1705078292734111,0.2914106038218458
-0.21379085250909888,0.32081665169359885
-0.23215290023779728,0.3863953231854864
-0.07151693498669469,0.27731115482543045
-0.15425046046565766,0.4024301601844902
-0.19108647293937533,0.36003807508059393
-0.24319429066862613,0.2922891532471825
-0.11916922930874338,0.3504115604384772
-0.09667975494911354,0.378217464631174
-0.23199840128472693,0.3924360136262891
-0.2175787941792805,0.34305670958105106
-0.17923522743043185,0.372990621922787
-0.23390992289208393,0.42115860195569244
-0.2510630613292483,0.3778536637687584
-0.1700346455098437,0.3554496842456454
-0.21473284464083828,0.37630460385922104
-0.16179250383210234,0.3997487968270288
-0.2905419925246605,0.45514835585562075
-0.2387281472849127,0.32837398390826367
-0.19665266960044864,0.4192617359384787
-0.2024703523499386,0.4479879842245922
-0.22780514646418967,0.40480743514717943
-0.26890524925858145,0.3866497009408175
-0.29466015258327716,0.4259770600435627
-0.33078257316798937,0.3545046313550212
-0.27168006461607397,0.4306022783492577
-0.2890289336671058,0.36666672289398394
-0.24272386886367817,0.4512031456788069
-0.31220777666225197,0.4253545280821097
-0.2868387689417052,0.5362128598695676
-0.22562807615853608,0.4537342961925728
-0.17339450262049744,0.44116394890113164
-0.398201907190722,0.4047244813770078
-0.28732576588268344,0.4360313693326603
-0.3508918890010251,0.41712128183847086
-0.2920864970706399,0.5370074963028387
-0.32252532369908216,0.4164962659794109
-0.2998616188611572,0.47470644461654354
-0.27162683000569415,0.4904134429932493
-0.34734549426586403,0.5401774576772171
-0.29376374890936874,0.4948782710574592
-0.299679595266305,0.4869214860860408
-0.41716624262323515,0.46387632876803797
-0.3335819864581613,0.4698770394637507
-0.36392764885462375,0.5621350761873131
-0.34121343689358735,0.520713779754584
-0.3749822229474502,0.553350769461737
-0.28659033223779085,0.572012957117514
-0.34888501243492753,0.5868110735839762
-0.42862891746778825,0.5942669699045501
-0.4575875644253802,0.5731926566249065
-0.39040677865241635,0.5749197598042288
-0.42124742682161986,0.5687160602239836
-0.44826411368278496,0.4833072719914945
-0.3371553617887983,0.5151360557681033
-0.3513092154014179,0.4452963563674033
-0.41373563820704395,0.5474407794270123
-0.39597321960074927,0.6136618474946671
-0.42369548599020457,0.5173410663317403
-0.396005517129639,0.5331839669452519
-0.5455454779707446,0.5677351082143017
-0.4316305488712485,0.5943620001248795
-0.47278582182095047,0.6003360470793642
-0.48568143317774853,0.5750258987432469
-0.3652037457076449,0.5957500043444498
-0.5056176472004416,0.5808437758675887
-0.5651935512151376,0.5859195064207054
-0.3991900828018151,0.6133482848300607
-0.3969832165461297,0.638435734924828
-0.44190881940755194,0.6461348402889037
-0.4263581488712075,0.6393311966039296
-0.5748482526679705,0.5488826259250384
-0.39974724649438453,0.6607324013485543
-0.4317284275772076,0.6375017676704521
-0.5386298524406528,0.5929619919982186
-0.5231831444345051,0.598937200853421
-0.45292655748268307,0.6539869842626221
-0.5742656928474074,0.6151402220933713
-0.6179072482491796,0.595370966826775
-0.5371641856115179,0.6565321893224646
-0.5552173396239216,0.7106553111332314
-0.4835795445139083,0.643301822108606
-0.5618253862656513,0.722084435550414
-0.5070962879314896,0.6238784446638036
-0.5502636739728453,0.6350598269221668
-0.5375790740117579,0.635469568211782
-0.6059644104087742,0.6554101570052286
-0.45915199521972255,0.6645152200826958
-0.5756263502909171,0.6271610893505133
-0.48918418320567736,0.613420237591332
-0.5766209963141427,0.7658433573761749
-0.5152514236332247,0.5946037048152935
-0.6845259810892355,0.6509619046973523
-0.5731716174927278,0.6217284734634116
-0.5940310393231034,0.7212574432973705
-0.6257971438071901,0.6535078599584929
-0.7077423312460093,0.7121060134459362
-0.6721419664291933,0.6714279524511698
-0.6224647670887961,0.6907004656912372
-0.6111918236901651,0.6751016069305634
-0.6118547079464032,0.723038712589624
-0.7166960188437124,0.6843637938186211
-0.6779732624971065,0.6234874698271295
-0.6472885042588307,0.6650456518925052
-0.686208445760755,0.6774813823961742
-0.5940782540245129,0.6160230699116118
-0.6276298280970442,0.7725880419249502
-0.5778547716337671,0.7142228309189395
-0.6763930950922585,0.6506259629389735
-0.6309760911684862,0.7106659655431216
-0.6650686508333472,0.6878905713068093
-0.6784057832891689,0.5231426066434379
-0.7455687093696898,0.7272632000033017
-0.7685766134335515,0.7820496415870832
-0.6654372991108488,0.6165663447613298
-0.6649039294893168,0.6796679209933005
-0.8067791301453665,0.6539885554090511
-0.7351602878937383,0.6197406956759631
-0.750322455978532,0.6920525016570782
-0.7501517826441737,0.6876810037481644
-0.7050569334031456,0.6897659494384863
-0.6709108592896558,0.6973106871911108
-0.7023333380484742,0.7432207278177672
-0.7752079548711396,0.7801050558711713
-0.8011910272132029,0.6926076875777835
-0.870388769479337,0.6935574088468892
-0.7911740760178955,0.6904775571356203
-0.77279058189397,0.6267727598974591
-0.8395181634604079,0.74916679655425
-0.7928405398112962,0.7297858056595325
-0.8820314132190364,0.7247994812145796
-0.8020369179237601,0.6678149958927917
-0.8368217731625607,0.7039342350223141
-0.7850156408467247,0.7457205108907684
-0.752133026373028,0.6438593627339121
-0.8658911622414369,0.7582292086178941
-0.8485322666067493,0.7007744236912381
-0.912120965644758,0.7024572443427162
-0.8793990859831755,0.7182281129409245
-0.9883717862619226,0.7484413618816759
-0.9240272468031411,0.7578361055771494
-0.8823880519419646,0.8595140525901628
-0.9139804352489913,0.7744169954442932
-0.8773667012709817,0.8176131089635112
-0.9188400167205429,0.7388613730470597
-0.8873777882223287,0.7463686945524668
-0.9250728147731337,0.7713539729791257
-0.9878927747346373,0.7764489114576067
-0.9042768196591301,0.7151879886190066
-0.8342056492311423,0.7597319635035336
-0.9829849670583177,0.7530357399015246
-0.8852538345044952,0.7620226647966211
-0.9740750371699773,0.8413167521666869
-0.9925687437532594,0.7580803319174276
-0.9935092016648586,0.6776733055354386
-0.9695374840790465,0.6745451777728826
-0.9633130832322486,0.7891533273615199
-0.922544693043412,0.7470595836090765
-0.8697716892778625,0.7017907090168074
-1.115953823742443,0.7433918052243677
-1.0545373720766351,0.7696415484068675
-1.0015093796611376,0.7321033466287026
-0.9667981746715886,0.7436039085542131
-0.9805441676081694,0.7744430966199893
-1.084000445428967,0.7650499227760426
-1.0339906914012935,0.7760538133823667
-1.033591685135983,0.6939652348056002
-1.0894332184905657,0.724800039794548
-0.9786251460202501,0.6841447117465976
-1.1060508933915643,0.7208286826181596
-1.0056032800413846,0.7728863734593481
-1.0402125760750145,0.6680272224980778
-1.0494188260549644,0.7058620630948061
-1.039140774998666,0.6289897487443115
-1.044861150540152,0.7137000572423547
-1.0902601105730585,0.6913910070618279
-1.0941442750695787,0.7358763011182003
-1.1265623556288062,0.6480663336470827
-1.1103999986969293,0.6716147417152165
-1.1833812966201198,0.7988306560361584
-1.1808215067820347,0.7530568990140194
-1.1499848494721963,0.6998441958302348
-1.174931872748153,0.8590969681442804
-1.2068710094492385,0.6922083587254337
-1.173222372601468,0.7357603668151779
-1.169930007726175,0.7096628727431935
-1.2111820896178362,0.7179719650054297
-1.1798521390859842,0.7825385841716803
-1.2104382390295998,0.7811972936682059
-1.1246974863990253,0.7385893246092696
-1.1410614109646544,0.7812917402817903
-1.1592682540052284,0.7366595054103717
-1.2407969999529114,0.7351338991926416
-1.2219028530950071,0.6504299819390797
-1.2542434399341402,0.7297514019025814
-1.2046162438818284,0.7603411425143494
-1.1795579414544521,0.754382521223181
-1.1918570204448573,0.6956927946283493
-1.2035604237808855,0.7821947641821152
-1.2485574899945295,0.6980835352373481
-1.249517238285626,0.6758430989082376
-1.2385613889241847,0.7957060180093023
-1.2957785845657803,0.7190937722296101
-1.3448232038831907,0.7070175057930204
-1.2889222826509996,0.7537108717813668
-1.2793965156561933,0.6962020694744618
-1.2847987274639314,0.6350900621599204
-1.3268264356067299,0.6983716050900008
-1.2644451884944061,0.7968529865157887
-1.3721312334280968,0.6815118946295842
-1.3411670126232405,0.6211056240083879
-1.3023985440077954,0.7401542010786334
-1.3857466636788518,0.7228646622165601
-1.366199092366645,0.7111380064202548
-1.2670298579444292,0.6732950691800534
-1.3867926819850627,0.7053948488994459
-1.3861134592952717,0.7202724603812994
-1.3622914229936938,0.6330055660378403
-1.3614551993009443,0.6637784494295046
-1.319331067027476,0.7069577423625415
-1.4206294471603296,0.7753731591814796
-1.3053042327910866,0.608200326131027
-1.3972134942144823,0.686504285325588
-1.389443952913265,0.6993150301472609
-1.400916620201354,0.6394999118770596
-1.4472565495440202,0.6105621846909557
-1.4241900227165345,0.6067301610909983
-1.3708301734564916,0.6660406261528543
-1.5409330155799126,0.6059510539407629
-1.3923927509851017,0.6349885116234897
-1.4111965541534217,0.5917559417440977
-1.5166977711716902,0.6238783488146054
-1.5340369256631619,0.6946799446945633
-1.4936029915590976,0.6633520003579233
-1.4724074753513956,0.6284181063013808
-1.5240730592972447,0.7317343844954236
-1.4581034559193777,0.6247693721474608
-1.4641625014390727,0.6523214653582939
-1.452697033790407,0.5774058743717062
-1.4413299989877773,0.6389602722212028
-1.4576056476176065,0.5885295235887896
-1.4930218733641454,0.5952966867765617
-1.3965952436568538,0.5642032030962966
-1.4705675207829483,0.4740925916101737
-1.5190297623469624,0.6307182918925757
-1.4594448735275296,0.6164914533372002
-1.5513054091082734,0.727448206924554
-1.5165004414239607,0.5978825288096299
-1.5080711043423052,0.5576371086642518
-1.521890503435514,0.5805790410396922
-1.5394122801076113,0.5485554932994129
-1.5109277070481753,0.5211499301058651
-1.479617877093309,0.5830525965470574
-1.5668537853761628,0.5788852468925749
-1.572519149061782,0.5210526481398904
-1.5507760835001796,0.5668085006705443
-1.4987425996765456,0.5351408056296063
-1.581581958369108,0.5209903663319692
-1.6207876124730276,0.5538805386415617
-1.6831854422443766,0.5409578235825443
-1.6202913511373576,0.6594473193056241
-1.5891828287003973,0.6235541724629565
-1.5467375330199786,0.5505767134293166
-1.615030391984405,0.5843342032618026
-1.5912423501045008,0.5167680031410655
-1.6365842087057303,0.5572280133929894
-1.6816885862485889,0.5424850611662947
-1.631654393904555,0.6380737742252122
-1.6469761662163194,0.5203801879756157
-1.5536036593202167,0.46340291252237875
-1.668545495607497,0.6146834713611694
-1.6759533583787412,0.4676212137300335
-1.7658071545944214,0.5552840429758363
-1.728762576893115,0.4321975208962444
-1.6115059681792974,0.5806813067064538
-1.7352594997548934,0.4751506766021928
-1.680719551716757,0.5019130854357963
-1.635729338007844,0.39612827270238815
-1.7638711198097057,0.4927240630892533
-1.7918810981384843,0.47929351986807733
-1.6444884749823347,0.5085141888361956
-1.733163707717846,0.4453024284196003
-1.6762003787949256,0.5789116911668005
-1.758672864504271,0.49012555024431437
-1.680035099168271,0.4271569059630701
-1.6975743527152012,0.48154876480586417
-1.678914307915363,0.4078241965469942
-1.761947011176694,0.46044294186610213
-1.755919327631321,0.40073136827038014
-1.750999952034872,0.4660895178556883
-1.6732700238567966,0.4044032008350522
-1.7599826129440106,0.4210579252130666
-1.8215493003468766,0.45432464963616404
-1.732554148101782,0.37638772175350343
-1.7133258947755299,0.5620536418815364
-1.6939716989998113,0.35103782421918284
-1.7287614123228283,0.36070259206135713
-1.7851199233412507,0.37227010531804683
-1.7139745855556812,0.3840371099358775
-1.7971529785682607,0.4212080192124803
-1.7063174472207374,0.4119904458853493
-1.7344365116950886,0.41811434251152957
-1.7953087513691353,0.3222831216277159
-1.741489383624497,0.4596647222016984
-1.850357381370731,0.39913318474451487
-1.6501971555239514,0.3877619584526436
-1.7550922925158052,0.3495101420726393
-1.8653136515196795,0.30769111682020567
-1.7726596074670753,0.3633960123782364
-1.8906818339217584,0.31332620532104016
-1.82817959232059,0.3719513130835783
-1.8243556099717542,0.3006430171873147
-1.881612241169941,0.4273844323362359
-1.8503646150802227,0.3455942979338418
-1.7792954167631754,0.313507684273014
-1.8643391422171738,0.28782940094725507
-1.8309169870870923,0.29861001212909377
-1.9200828598911601,0.2781814884998314
-1.770949107113151,0.3572249229665646
-1.8673840533994,0.34060137820097847
-1.885283536938689,0.2942467657763925
-1.8095872843456065,0.38073568628876453
-1.9002878639784724,0.29281685689937387
-1.8294191546917804,0.189136934852831
-1.837686588093416,0.262358498305413
-1.9318405216660455,0.2719928154010852
-1.8093448111518573,0.24841282877561682
-1.9045161314023662,0.33269654280637206
-1.8818857553241237,0.23857724837260186
-1.925595835315436,0.21155670992241055
-1.86224072133073,0.22318287594776992
-1.90721757158539,0.23940127314076026
-1.901559188683253,0.2456450391409971
-1.865936248465289,0.214325830722235
-1.8802496850769888,0.15756821008998467
-1.848056936478762,0.24788313270245493
-1.913559507810971,0.1544827157318488
-1.878730770593073,0.07116534100400662
-1.886412203931985,0.2326646972532101
-1.8402094762860792,0.11713036834854912
-1.927610367903921,0.2163031420210692
-1.9441870450455296,0.1484560610757043
-1.900549605939573,0.2216589898215956
-1.8673153818136123,0.17863787773374684
-1.9140706290148723,0.17087210464896918
-1.879698707610205,0.0650608816879506
-1.9361968375458791,0.2211595909461344
-1.9336392619734366,0.07187484390498233
-1.9471145187080026,0.17820066511060073
-1.9692444665280806,0.1022782243302443
-2.0036531822417416,0.09037106987847776
-1.9442025788952124,0.13014046845596
-1.8781118777002377,0.1447985280437578
-1.9181958368900482,0.06920108158182081
-1.8992243140851823,0.18203922233038072
-1.9252188006649875,0.011898431626285344
-2.013840928964335,0.07055151122178688
-1.9541639333181244,0.11213414384241577
-1.8907112862072528,0.06411550401936594
-1.9185991897177668,0.005276443223670657
-1.950335297141148,0.06532518613241933
-1.9391036387866962,-0.006359449249769805
-1.948130457933775,-0.028501245362132777
-2.021101965085029,0.07576837139843295
-2.009240331473099,-0.00133024390308506
-1.9715216941320024,0.006112534994268004
-1.931270690870825,0.03626810021495208
-1.9090376037844714,-0.021739148280422615
-1.9243668358756671,0.013028985662424997
-1.9612866546898706,-0.0227930187211679
-1.941855691676164,0.017868463025286274
-2.041857753159267,-0.0743863714126087
-1.9597924842524859,0.006824172143934049
-2.0002101917682937,-0.06766715020798203
-1.9719743096626692,0.042553230341411896
-1.9324293557150627,-0.07923593004277357
-1.9039182658102674,0.002028434137833157
-1.9466144625413044,-0.008482794951966105
-1.9432180939215729,-0.03644863559785558
-1.9619226874933897,-0.0667683885880345
-1.9932756455820437,-0.05197928352636905
-2.074037565270653,-0.08960040511677844
-2.0180628024064116,-0.1342676622162675
-2.00843416246559,-0.027819433043449693
-1.9730962419436655,-0.08674552260377191
-1.988115908266876,-0.14677507171603565
-2.016337358491261,-0.1803660311078576
-1.9552849747695753,-0.09864003185841896
-2.0375126314759004,-0.11782654337715945
-2.0021950130346933,-0.12981820696227864
-1.9883010827641252,-0.14440346401132484
-2.1288409901886296,-0.1196962580767773
-1.9956106744466178,-0.10072288890439862
-2.003839304440339,-0.18380268606512046
-1.9634553304939901,-0.1153278738987431
-2.0379755149945398,-0.13283024490538228
-1.9750388322298214,-0.09025420718388441
-1.9417958447311228,-0.14948201075212547
-1.970119787797494,-0.20166918591961802
-2.066231353871175,-0.14398821808970458
-2.018230333578365,-0.3023583795118803
-2.0881794881637985,-0.1246486871085907
-2.0200256932154916,-0.22103114795316559
-2.0306557909647895,-0.25571318321526265
-2.0262044140884354,-0.1806506823248099
-1.9640604135020043,-0.1679758086408706
-1.9542159177216603,-0.21525565401493169
-1.9817369418228028,-0.21052720023330088
-2.044696061976753,-0.2877500566902059
-1.9681284974606406,-0.23501300501573263
1.3618336430802827,0.24737897917552676
1.3264982147698001,0.22367853450804093
1.3347523070629081,0.2466735010689657
1.2813742053263866,0.2941233656686127
1.3214825433149,0.19164172804905424
1.3474627590508628,0.18772641918922334
1.2511275794881866,0.15079785440088594
1.2910409538147662,0.22981492506843829
1.2988812752202472,0.2079743615146329
1.3553813067968012,0.13377189847187512
1.3777024260167552,0.24715090055457833
1.3300408167959774,0.13662666091568682
1.2713330557170626,0.22426219116309773
1.324370940682397,0.1184396787267381
1.2602698238657666,0.19885266145743322
1.300684022432965,0.1050910305955603
1.2694314629210135,0.14802687072458096
1.2732201973693418,0.10181264657117592
1.3601520651323786,0.10278911070801516
1.3146829205093773,0.15189238265722946
1.3396773211218744,0.08806687977437655
1.3500536339798677,0.12972835312686437
1.3810997296157266,0.15591393394824904
1.2651607340557411,0.15389415731217604
1.2862571675039378,0.12923906349360306
1.2471487012720994,0.09749622262208554
1.3026114948712517,0.07130033421986676
1.3828327672405034,0.055346653840778054
1.2426553998676784,0.07966516462914208
1.3484998303362936,0.08883731949198212
1.3412126790994907,0.07897489983128103
1.2654920093633366,0.0007784293656462604
1.340783827921968,0.06203375146596876
1.263844845581739,-0.0029751936150562708
1.3279549838469464,0.02959017243563755
1.3450919714631178,0.09237396123619995
1.390049070214904,-0.005623400855783667
1.2469291785631502,0.09089898043670938
1.3447276649150257,-0.00667149833491848
1.3230312501131192,0.01833322814877969
1.2955231956711912,-0.01179102818247979
1.306648323679689,0.09248985436206705
1.2988682415532813,0.031401858841467595
1.2875247898043407,-0.05190032788008747
1.2028933917414277,0.005786998446996983
1.35371906518647,-0.07967906445011952
1.2585797921473503,-0.10843524621563483
1.2621793119281493,-0.08409595750910825
1.271359512500873,-0.07701171018324376
1.392091277529941,-0.05712291709780526
1.3098697583201422,-0.03895534592494576
1.1497332978797572,-0.09070141975336521
1.2766390137908052,-0.07769451514168857
1.245012747703916,-0.09901067345370085
1.2316465507736252,-0.09152710059653624
1.2059526557716205,-0.03198692097656991
1.2088319372518852,-0.009954402741474522
1.2137736388255116,-0.129317976775706
1.3621913663287826,-0.14748026062956932
1.3138810939610515,-0.10798589442011447
1.2628811920044831,-0.06646064007841596
1.2201574616702062,-0.1015343570438082
1.26045783454544,-0.1929800840361955
1.3373081799331963,-0.22034398893578655
1.3175295093536532,-0.15019682282572677
1.2641514097127209,-0.13826169854872344
1.231035163307899,-0.1406519553067277
1.2622223729803757,-0.050111029887032976
1.299186350861691,-0.16423470213113722
1.2737300935038638,-0.14742533979334488
1.286980830680294,-0.17313404005720084
1.291121138092034,-0.08839747341104931
1.204195511192341,-0.16498175253165914
1.213550991870482,-0.21649390307619765
1.2170669605759175,-0.22496344158077863
1.2270060669537861,-0.23872878434432554
1.2103562040445572,-0.1307565745253343
1.1979103829358846,-0.2213625830551737
1.141586270393138,-0.21313909463146047
1.238126811173465,-0.2498484005993155
1.1555452838526108,-0.1414181651191413
1.1277460623330624,-0.22817874271556454
1.3276545031950766,-0.3182253485726678
1.2009818727514356,-0.1706715265855605
1.1211827016665732,-0.20411860608999155
1.2605584285843592,-0.2903916419849534
1.1627901051496494,-0.2464079132776933
1.1825351595700675,-0.27106743270039935
1.2720095276212022,-0.21225691108994682
1.1927089440124568,-0.22210762858007516
1.2649748524754978,-0.3292664531919278
1.1657501983943401,-0.3117526239258229
1.1496043601363244,-0.2224069813357804
1.1956658684248793,-0.19633154110967854
1.0440607128999715,-0.3662315245772002
1.095048933793724,-0.31715558414611666
1.223154204307909,-0.3675050706945926
1.0518310554820105,-0.29307986725000323
1.0801249137362958,-0.30971080624965364
1.1640844770252532,-0.3403230440200151
1.1463976004857532,-0.34837907493595266
1.0580803818025226,-0.3860456688924899
1.1328184451071326,-0.43990489001765765
1.1620828603651543,-0.3646905574065493
1.1844413664591684,-0.34875994699925994
1.1612270315626299,-0.28878645743647136
1.0766853606236602,-0.44200144915121875
1.0698169882526065,-0.41015749410617985
1.0465151042640914,-0.39747929323405795
1.1419794161231183,-0.3648720480053643
1.0481273923722507,-0.38392780621916467
1.1174037344298002,-0.44465104886140794
1.1849725330341823,-0.3672717199803184
1.0828062430159429,-0.4360501484724225
1.170825951848028,-0.4003903410718519
1.0945682394151375,-0.45999968217862075
1.1037979811247238,-0.28125842377459365
1.0340446102852794,-0.43869552465776385
1.0586186103134145,-0.3412534984050454
1.0396834184928334,-0.3743041127061061
1.0167279234253928,-0.394048415524196
1.0174768089906077,-0.42875185594134047
1.0600951215880037,-0.4699843781857457
1.0203005815646686,-0.37315389170080704
1.0365871821389283,-0.3918939252682476
1.0532565424328584,-0.3733222882178122
1.0526447999376158,-0.4153816514417754
1.0302829802125513,-0.40499868069617695
0.9100932401324652,-0.46060291292667477
1.0913652619758625,-0.5321938134542045
1.0475709061535787,-0.4730760159629801
0.9933246163457705,-0.5538572579235085
1.0053094323207559,-0.5691849762651406
0.9306063025389795,-0.47026032757888636
0.9566780585171245,-0.4365005992190353
0.923776117340211,-0.5630877427655632
0.8891648948052155,-0.5307314578366492
0.9963464538477038,-0.5262264824273809
1.0604278178873832,-0.6097093084163028
1.011741899596294,-0.5359261281268551
1.0807444175216514,-0.4870480418822313
0.9865736849600937,-0.5756549401748714
1.0115801714647192,-0.6547907063858567
0.9205946910196474,-0.5290448534179251
0.9875491827104294,-0.4774606336219285
0.8749874409672305,-0.5560479632589872
0.928229143402016,-0.5332858918821944
0.9680606854609832,-0.562088656467246
0.932142107170509,-0.5005788306138609
0.9353794642989197,-0.6407605003702345
0.8140917185041787,-0.6118104642311651
0.9075584631219643,-0.5858422255575331
0.891196419922076,-0.5431642925782222
0.9759141354628748,-0.5391828557699548
0.8820638494048818,-0.5791009331651181
0.8478146005216136,-0.5562935380846068
0.9715347147581698,-0.6271862997185093
0.8755460596736075,-0.6217007767018738
0.8939599605171364,-0.6754997574101379
0.8427134706004247,-0.5781363419026013
0.8331152927576774,-0.5641291317874895
0.8470515273547572,-0.5667408674746952
0.9115987571470197,-0.6486152020461161
0.8417661311128416,-0.5839244056016621
0.8474540560616348,-0.6525882498932191
0.8616979811577987,-0.6780341318282409
0.6773492474589873,-0.6328645653196364
0.8566516268542861,-0.5778939747543415
0.8844927327622323,-0.5006586102706625
0.7857578653224214,-0.6928209507050009
0.8781643573264433,-0.7054572593566872
0.805441875343755,-0.6980544370710438
0.8168755179332091,-0.7233863822525649
0.8510353750110429,-0.6068313334471782
0.6966896971212276,-0.7002272859849741
0.7852192246267246,-0.6871933556739471
0.8308780516092692,-0.7475601254663486
0.7647326479624869,-0.5718735587423687
0.8429219150137224,-0.7023380583138934
0.7911019073668385,-0.7454574671514544
0.8162537185448915,-0.6019303480963661
0.6532037289181403,-0.5560418617444098
0.8081120505864873,-0.6589268402991758
0.7121085013877061,-0.616012232432441
0.6020692860189574,-0.6705543762020155
0.7737104394531362,-0.6164420471424362
0.7201800193936659,-0.6695261808349903
0.7309981909373752,-0.6556741604741787
0.6182816334377392,-0.7407868545926779
0.7022874343206299,-0.6557174191380852
0.7161219334195792,-0.688299624568841
0.6960045277818772,-0.6796621320493345
0.7036965225392894,-0.71218430810461
0.727694412204112,-0.6074121780388098
0.5491988613143868,-0.682226853635464
0.6771719511750001,-0.6018191975627855
0.6579644767457749,-0.7471322008479543
0.6861830330624289,-0.6858871257494138
0.6254407478095174,-0.6206386146324221
0.6116727545292114,-0.7330945309966846
0.6129659177042847,-0.6849357769009593
0.7127807329728111,-0.6681111837829873
0.6407898960765849,-0.6805733342064263
0.5983207011210685,-0.7512528367593228
0.644208193438043,-0.647789505804921
0.5375980023673718,-0.6981869816575518
0.5649347564764088,-0.6657642857280824
0.5726258827961647,-0.755991643492671
0.5488326908413385,-0.6823708083218161
0.6097870002214707,-0.6517267888120754
0.5369450603143864,-0.7683040895198394
0.5155658658819813,-0.661268357509991
0.6003215563913813,-0.625326557007465
0.5538801593884412,-0.6095649703700224
0.5023646774908473,-0.8139095301709083
0.5798305285403665,-0.7152195438987781
0.50259957603206,-0.6557065750375874
0.5489224771403833,-0.7051953074959881
0.5727159765356374,-0.8730388159431655
0.5233881900141475,-0.7694189388193311
0.4955106543670805,-0.7171618425186428
0.5150985688054894,-0.6869112028765131
0.5079866704027747,-0.617644438341517
0.49245284828978464,-0.7702964791714324
0.4123917734419229,-0.6568781490200214
0.4723654795515937,-0.7154078714033559
0.4685442613777311,-0.7182836116591869
0.5645294539716961,-0.8033845383710367
0.47539417292115005,-0.6763892500266638
0.442554259983828,-0.7108409977560262
0.47679851889385627,-0.7157451296034062
0.4831607624513269,-0.6551644619452989
0.39106258811601835,-0.7571518120098593
0.2997513709139985,-0.7451830827414
0.37477454048791914,-0.6857050097454577
0.47806103793166743,-0.8093228426091608
0.4429170353121359,-0.7471035997414461
0.3344115893864249,-0.7942775117931158
0.4524045689679429,-0.6285307266881833
0.35546480349887166,-0.7506876289308368
0.29242278539072175,-0.7013936733480832
0.37375357638338047,-0.8097518487698556
0.39836777026868686,-0.7905768808229303
0.32500423689605595,-0.7577229645453081
0.37319827654955606,-0.7281100638447002
0.33906099240889587,-0.7019498581587142
0.32378807254057684,-0.6543957571485761
0.38236210650321234,-0.6974552613279632
0.3303008588440547,-0.7431659616590001
0.3365653642936246,-0.7179409685070811
0.2555175657102715,-0.751834677105065
0.26396669521917504,-0.7113006120145982
0.27049941678720213,-0.7143669805850826
0.25355001873190974,-0.751167617120539
0.3139588795335644,-0.780466124622315
0.3460422068779454,-0.6376064879393758
0.25752440756173467,-0.7375627861151343
0.3319334557790914,-0.7822955464882706
0.3026304819972647,-0.7744618942870738
0.265147900225833,-0.7387666413757322
0.23844185044188904,-0.7177988063743753
0.08713360129913772,-0.6699170298530112
0.21319909416375493,-0.7761836247093958
0.14130626010883218,-0.6946101392050577
0.2525914761126493,-0.6962258573156501
0.18146245804492667,-0.6671660318844599
0.28160151093228536,-0.7011458707011549
0.20339799945111725,-0.7216567921940963
0.22553853573381155,-0.7636152782366115
0.2800087173467274,-0.6940689857161825
0.15460071362919092,-0.7064730507767557
0.19071774462467705,-0.7064905597063661
0.20049663750128133,-0.7953394531429285
0.18903704039701452,-0.756803345954637
0.09853625570083291,-0.7139293776739257
0.19149531961163846,-0.7932273224767799
0.177598100769351,-0.774426765055934
0.232643771206122,-0.7348394470863291
0.12249938124147763,-0.8075907773826139
0.08301270143278683,-0.7138248789173881
0.14651886261954217,-0.7614031720355714
0.11980162220553159,-0.7429885716405918
0.08113522747613633,-0.7549689160695863
0.10440182350211491,-0.7919724934605874
0.10793296439034705,-0.6710310607822912
0.07535030726245462,-0.6816701670699987
0.10304694187684427,-0.7006156537794793
0.10691727053910616,-0.6780682746084107
0.13650635932663824,-0.8184212612023694
0.02369450872513834,-0.6341785904222643
0.11529352628264289,-0.6822180355070228
0.07652427486245705,-0.7273054485188892
0.08185197447947412,-0.69063659165109
0.05336183070740552,-0.8373242515863462
0.07756582644965393,-0.7375642889687856
-0.053617293304680125,-0.7566880374792635
0.02021432363973208,-0.6616542223960982
-0.019206805426990714,-0.6758779218337542
-0.011762935218018189,-0.7123142106604972
0.03974332222118293,-0.6595549125539982
0.06333750498432233,-0.7179176439851147
0.0866037001255735,-0.6194748362722426
0.006440988523837232,-0.6092290950975126
0.07240436600773115,-0.7341800311740366
-0.01652380585759161,-0.6005164833826675
0.047261491728363136,-0.7309996448852074
0.024522858074686793,-0.6884240487182506
0.023253796805618787,-0.672657746306946
-0.08590961690370302,-0.7435188501522114
-0.05718593049821363,-0.624408321865282
-0.041335303744961305,-0.6702402121502254
-6.0132875654872464e-5,-0.6494186401212424
-0.0036002886771626663,-0.5774094290157419
-0.022837630731123326,-0.6632052515616496
-0.09104553112832359,-0.669896231674932
-0.07984522999761379,-0.6499443808042124
0.0026437282505520354,-0.6200492429614181
-0.11685216437438317,-0.6774024172913305
-0.09813644228842788,-0.6108387444949995
-0.08561022007452102,-0.6552237450377394
0.003343710907864894,-0.6477002946599589
-0.15888822063558172,-0.6532075723685472
-0.13440953944730327,-0.6509382832778732
-0.16850146023926293,-0.6411186510176403
-0.09721460901000323,-0.5966143330345696
-0.1272368636431258,-0.5664516388145697
-0.1433032572673807,-0.6180542090754447
-0.10119859164407607,-0.6389967196616356
-0.18048378657356534,-0.7095159373173
-0.2687109269131205,-0.6245937752806858
-0.1692159066246195,-0.5682661183417069
-0.24739424945974586,-0.7193557202138048
-0.1960698361869182,-0.637111538316262
-0.1801748498943363,-0.6407347594916047
-0.1939933202371924,-0.6932545247680122
-0.16316600161302497,-0.5872867006030044
-0.21651019129654903,-0.6842835848951685
-0.1671528923468817,-0.5565086794981795
-0.208242941271221,-0.6213625881026924
-0.13187968344324275,-0.6842754147270342
-0.2014106549403114,-0.6139523315339355
-0.11867991129236777,-0.5973982530131247
-0.21433030273323705,-0.5058052900877504
-0.21468885762278678,-0.6620771423308702
-0.2102900091878579,-0.4148109076553841
-0.26907213544206576,-0.5995602307985648
-0.2287801277580397,-0.6618761176667322
-0.21151556545130834,-0.5914993835674651
-0.23292628331918652,-0.5035781272003366
-0.2302993516788785,-0.5212263114917335
-0.26100386248643037,-0.4861792462806287
-0.15548275937048284,-0.5048794620827559
-0.25394139084790446,-0.556582082028444
-0.31088577611338475,-0.5585031436590098
-0.28163925876854345,-0.5875269142340869
-0.22852313222582676,-0.5469768561051892
-0.26962085886083775,-0.514907887079464
-0.29678568551223483,-0.5229553523065879
-0.3100538613280428,-0.5017409512118621
-0.34023690072644275,-0.5483970433209988
-0.40553385678595855,-0.46346691689980735
-0.40249379739315105,-0.5643513192592245
-0.2927259601364769,-0.5526061346967189
-0.4518574732023948,-0.557619509444869
-0.3544143140403462,-0.40349312874498455
-0.3230158865490531,-0.41848978354131416
-0.3376005352272329,-0.47941669526745634
-0.40426019739328134,-0.5998167064406827
-0.31552231902000893,-0.5829654249517466
-0.35007734057078466,-0.5329604556126107
-0.3459023166272561,-0.35609773221845387
-0.4457178135304716,-0.48297904217591703
-0.39344395086030737,-0.5428264175048243
-0.3678946682428599,-0.5063336559980568
-0.3771768614401896,-0.5163980520608189
-0.3682169281928811,-0.4254490999591303
-0.3509119418378064,-0.4917095132111634
-0.419936952886212,-0.48523100622279913
-0.4103067066982031,-0.44699534146551345
-0.4608211401766007,-0.5114471062970426
-0.3672285538507134,-0.4383628659897648
-0.2562559103034221,-0.4840571154890996
-0.42832878739488023,-0.4175411884153497
-0.3847451646873987,-0.44553890756905257
-0.3744179618832546,-0.4007026876922366
-0.4481010642818719,-0.3943530113271009
-0.431690417428956,-0.45167465972988474
-0.3850865560921306,-0.34017393902554216
-0.4958625299867483,-0.4290345512467941
-0.36214419391064645,-0.37777287430425255
-0.4090628063048187,-0.3192276427374846
-0.44102704112588875,-0.35811169668981024
-0.47092992170401926,-0.31025600040295864
-0.468816978113723,-0.3512681123668838
-0.37955348222882224,-0.3731447355277977
-0.4691224004474537,-0.37339447741897347
-0.5395261996067235,-0.4345063487466405
-0.35157653007965983,-0.36107213634248925
-0.3826502506676699,-0.3908233360036041
-0.4773476797839542,-0.4048296973317428
-0.5276379094201487,-0.33680904539722445
-0.5241099343563267,-0.4139814629526165
-0.4648411700807469,-0.3323780343867434
-0.5285172736909756,-0.3373853985292423
-0.5122713686208931,-0.2853356807120506
-0.5544580804784505,-0.27728317262461144
-0.531995111362799,-0.2766830894775669
-0.5887279724789294,-0.3492641743923639
-0.499875062502654,-0.2711725430729741
-0.5419798881645941,-0.3811582574481027
-0.4443960531432498,-0.2644411986857429
-0.46939223109909367,-0.28275581422904894
-0.5319581546829191,-0.26596931149361946
-0.4926944125363799,-0.29352753097271933
-0.5926622777701858,-0.22038311810633715
-0.5132234989151037,-0.26499839664468794
-0.5011351687514771,-0.28531531534878085
-0.5183129644791269,-0.24251496320794375
-0.5579264392971792,-0.1947227737580821
-0.4375048718028214,-0.2060232652159979
-0.5768087989970581,-0.20082721674437087
-0.46448726176419,-0.2625728054141895
-0.5591931483049952,-0.1198883521801018
-0.4785560845239345,-0.10802581405679346
-0.5849951077208106,-0.18229147560296804
-0.646032235901812,-0.21107237752826769
-0.5935751960526745,-0.22177330681912755
-0.5374968914459899,-0.250107337037929
-0.5470844606350032,-0.22122451482435612
-0.6485967526888332,-0.11386820538605713
-0.6084396400223351,-0.1558839773912974
-0.6053948272579948,-0.21425269935596847
-0.5143932164978584,-0.2225302160755308
-0.6073967797118693,-0.1638210632412586
-0.5774976617363741,-0.0870593255837605
-0.6286002870136245,-0.16623132753276598
-0.6169812834521924,-0.20219724436546793
-0.5696991542894723,-0.06919585654312932
-0.5742173034027167,-0.10491699967251744
-0.5376348796198078,-0.14023334115535846
-0.6071714871111009,-0.1801602893917127
-0.6456448954448499,-0.08201235284218866
-0.7184766778213967,-0.09606967645438586
-0.6142125262807319,-0.16500499492480614
-0.5993979122402628,-0.10670421156243987
-0.5832709311369193,-0.11736160145267488
-0.6389003565968308,-0.106471106178615
-0.5237171633094881,-0.11444143931121664
-0.5570329193231647,-0.05791013199598605
-0.6352557333789473,-0.01229943045209092
-0.6041373117104964,-0.00388745062714263
-0.6706308454958876,-0.0715983324830301
-0.6958472699923117,-0.03725340371600899
-0.6042981612170202,-0.00632162172067946
-0.5496392037814883,-0.09573091929586508
-0.6286461281265967,0.001763896114747865
-0.6379771717622549,-0.033180795961374465
-0.6073553920303874,0.0010161034676389458
-0.6801523121783077,0.04075588864952995
-0.6326909346447083,0.05006418279337049
-0.6294681201173822,0.07608991962173439
-0.5887715429018412,0.07832461384246286
-0.6421693606000229,-0.013219807155796182
-0.7330341337592117,0.06560681096936619
-0.6071497650502802,0.04809463237686934
-0.725071742218943,0.08498109975842247
-0.6804091524369582,0.13165422053840492
-0.689740751423408,0.05173426045059615
-0.7012263715336275,0.025881826232925398
-0.6931862135274276,0.10273641482986534
-0.6552894818408903,0.024627724484532293
-0.6778556726362881,0.055469730525251476
-0.6611418990147302,0.08480191166222864
-0.6159818384078899,0.07863012030311706
-0.6814326673049411,0.0960475536819303
-0.6352223573009395,0.07611098099522084
-0.6676873734441819,0.1246910527729691
-0.7033430224556199,0.13050800958130598
-0.7099014854395165,0.08140227211398104
-0.6012374317627316,0.1956756769088029
-0.6731987501637606,0.12234161196796456
-0.6375787228257077,0.11253138157436365
-0.7405938843888689,0.12815120845480363
-0.6247223493931728,0.11421297492388571
-0.6484737167998271,0.13541404303688648
-0.6188087720754227,0.19384144511959805
-0.6767402038346852,0.18465402592973995
-0.6622768076967336,0.163116642078379
-0.6132152514596847,0.17175755854686475
-0.6642056538130297,0.1481374512134928
-0.7591154835365677,0.12691053287239099
-0.7133000888492864,0.2447945104188835
-0.7160466876178746,0.15516518754070507
-0.7344509177066123,0.19912752533357508
-0.6349752040531069,0.19785924634935487
-0.6298634840711661,0.1946026590109744
-0.6856784666195623,0.19581040233839397
-0.6791692491705175,0.19126739423303096
-0.6710558182508914,0.2231972912861045
-0.6946860053827768,0.2783113936747007
2.63187766942977,-0.24469935244347332
2.6074200541606856,-0.2571293151368646
2.7349002595229557,-0.31111739540974925
2.617626562741941,-0.24399122090326666
2.737391978151095,-0.22686033794126842
2.602683238721233,-0.21688376890480782
2.6981904934604333,-0.33436723921388495
2.670951250050258,-0.14868015664950252
2.5950753749037387,-0.18766331574160422
2.694670321459536,-0.24242860422258114
2.5556943273199266,-0.2007994459236906
2.609369198677705,-0.11750224971349993
2.5987602117091892,-0.18538816341778153
2.6324322978393386,-0.15862347122703063
2.607518101751371,-0.19368879825988639
2.5616077723956154,-0.08000059551974181
2.6009798236904724,-0.16459718457110736
2.7406124678655988,-0.11508572688340801
2.6328379885512425,-0.1109300532690399
2.554367852997695,-0.1685206815894666
2.5732778885842698,-0.13682748755711605
2.61119705061021,-0.09982506710992065
2.6621880221583765,-0.07564179221213238
2.602299406538079,-0.09416984901453354
2.602014726623508,-0.12137422770780276
2.6061539332438985,-0.04858599973136893
2.5709316940406746,-0.07322372832812299
2.6198590467748035,-0.17610793466211566
2.535710623489133,-0.11916691476197921
2.6419859328915636,0.031850052404089724
2.6342657177447286,-0.12249629092763326
2.5921477901815164,0.025534514373566908
2.522045613409523,0.010197229929054086
2.633492785473275,-0.03982934153779907
2.6105015276440118,0.09207736035272363
2.588800867797134,-0.05999072304692937
2.7397482408453477,-0.032735197958387086
2.6151639184093867,0.008601607570739522
2.623690175774264,-0.01930778083543999
2.615527455970829,0.01008960534928055
2.6315442473708637,-0.10014551211673367
2.6148495686252,-0.002480450978422949
2.5272076404580766,0.04297835038423603
2.659757328710013,0.07756141529657434
2.5963202365109597,0.049693637734074037
2.5869032963590946,-0.023689012016715194
2.650519639072266,-0.038776809429627246
2.72603387693303,0.0767567488865682
2.5547013712238953,0.07451496782949929
2.4622511543004273,0.06581174084008273
2.567333483660783,0.1311596814281572
2.584015323133906,-0.0004703631154304444
2.5924709418543634,0.15715719462897643
2.546670227529146,0.13606184288407985
2.5847419814797576,0.030944646247760665
2.5510601342183574,0.1393709933293812
2.5346680844359155,0.1959193428978182
2.687601351576618,0.07803227415271641
2.6161400273202324,0.2446125476718033
2.5401074865878455,0.1428994717923715
2.593691930078547,0.08540572937528557
2.544756363431188,0.08067714518980484
2.6337088788685366,0.22081766497631972
2.5375735224294695,0.11323772886388817
2.5391105948606136,0.12358273047192891
2.496697840121141,0.14438026484133942
2.53150599710773,0.1356362869041588
2.5254408636351595,0.10740867543068422
2.457748381304997,0.17265952063272877
2.518371894547617,0.1550812653740874
2.5545147689134677,0.11847690133743338
2.5390901886359045,0.24199119745748515
2.4347175744712373,0.13348121292306736
2.628744372925365,0.17006590194240256
2.52945084105048,0.17373144649666605
2.492441692472654,0.17261774462750207
2.4465243877710687,0.11530007872756587
2.540888678638895,0.20114740665638486
2.4610810152852793,0.15059941175800245
2.600206156537243,0.2318988019684356
2.5408764016308836,0.2883458990496779
2.4558005110850667,0.31375776833524993
2.44558880242469,0.28878526008951955
2.502622332462786,0.1783923102387604
2.430061344156322,0.2880786756994591
2.42847295541791,0.17341928233300152
2.475717423622751,0.29275688843621595
2.5369523545626698,0.3166234526398136
2.471263038971003,0.24447534645477503
2.391081337791855,0.3225986688973559
2.529260766043902,0.3183033610490821
2.4615634109985542,0.2594126330333554
2.5092997271838726,0.30243494151803774
2.4553454151329785,0.33107049638830044
2.575399807030613,0.3359689258923446
2.4372950830508615,0.3378625421513304
2.4684274591768283,0.3019469365013382
2.4732724790661575,0.3611544846172169
2.4842417475903344,0.3631416733664582
2.513672204159009,0.2993855848125022
2.4574894916251897,0.2091262013133054
2.4679443583815837,0.31589563510243024
2.4077891404719565,0.3640513034167455
2.389197076493497,0.34264789413892427
2.4384265301293655,0.44118404595804317
2.37083350026552,0.4723531182782844
2.479269510610357,0.389306812777358
2.492969426745566,0.41224808925491874
2.3775009254005064,0.35902895686240943
2.316785737351887,0.4000134131852672
2.446406101100907,0.3345868915584427
2.329697331955172,0.3593605606199194
2.3447454583804275,0.3384677158598789
2.4504371245990297,0.3697449348351901
2.405109329603294,0.43010648532614826
2.3646669517512544,0.4163933426616997
2.408987203944315,0.3322479574651238
2.2677051153982752,0.43609924846669257
2.418991806786845,0.3664636009564951
2.25957444959682,0.39657678455182077
2.443757958526086,0.4305915927830234
2.344028068144441,0.5200722079329996
2.3828178834410876,0.4515883071843072
2.2668030040025924,0.5199402434505797
2.3955274144051613,0.4553420512969867
2.3256282379559967,0.5257740297202642
2.347873516820964,0.4643597528102401
2.2824076819676318,0.4680799304792034
2.3038816816137384,0.44460790459755284
2.3601492864433276,0.42598128316489514
2.2913465287530617,0.3495779672686541
2.306004918553419,0.5089881882141585
2.2695625001429205,0.5044211448872246
2.2280669791708876,0.4625821638545963
2.219596630538302,0.4729606627443568
2.3454839028639856,0.4976322594681164
2.352458169926838,0.5012291399309047
2.31194959772849,0.6171307861577937
2.302381244301775,0.5554902225951177
2.2687495871244994,0.5698641703426388
2.26990467536358,0.44498871451641286
2.2926190257752594,0.5429863829366935
2.289633509117544,0.5360698002022504
2.2757831110674394,0.5719537300490445
2.2045280676323613,0.5063866348783436
2.2332051305199805,0.4857074443370293
2.348751392996788,0.5329515341347643
2.278416523022016,0.5531533620100296
2.168925274991215,0.5408312311936894
2.185493889683486,0.5943834801912485
2.233275596875063,0.5633482976990262
2.2422331106822275,0.5514025099253587
2.2456610319848114,0.6131477744294552
2.2230589429489718,0.5434753269721007
2.1902294045351387,0.6621880171198349
2.130384511284899,0.4481876957528259
2.2331542505517543,0.5726194479538412
2.193873841097555,0.5773207469233229
2.1973329261707164,0.5776727574554325
2.143870255774448,0.6407811902820476
2.112882896877097,0.5873578927678738
2.1899503205972892,0.6638075270315554
2.2996037364954214,0.61215355788657
2.0942245076459107,0.6059326827338003
2.224457666350475,0.5905312554295084
2.128083707305212,0.549313304039401
2.1227711490551924,0.758854984096283
2.109658756003556,0.5283646560233137
2.1098950095422833,0.6607926079112094
2.1326658707775303,0.6964983998211803
2.101858537800762,0.7236414913294311
2.161831685862304,0.6153840003563729
2.1983094492381987,0.6805807927426563
1.9942414259443249,0.6271552814689776
2.173055422523576,0.6435583220262041
2.04612164292064,0.6443194132557786
2.0391343471718058,0.6708204189511486
2.0114164038854265,0.662276210909747
1.9655201024399918,0.6332541018098818
2.075180948984641,0.6574665431319665
1.9797518163544696,0.6811505288406483
2.1155076408795237,0.6836820702576996
2.114995459471942,0.6470363850549323
2.0100581877805483,0.6008552036848
1.98165498768463,0.706733869494713
2.0179235934019686,0.6938199037837249
1.9179922401176617,0.7119148790808987
1.9981561565027484,0.6300202408841339
2.050952280722432,0.657359585056817
2.0532896292391216,0.6175099089427203
1.993319743430015,0.6932626459626339
1.9571454233668857,0.6825503131096295
1.997051041943121,0.5269275228322107
1.945225352124612,0.720316609735165
1.9744729913616437,0.7036986996440091
1.9353043802582794,0.633982926055739
1.9363352752706686,0.7469349334517811
1.934817344686914,0.6811479236415413
1.8809457077897431,0.6540866812384358
1.8669712246197965,0.7043401670319654
1.930568827344931,0.6270343383442993
1.9692427203851104,0.7384561686711733
1.9071584049894397,0.6873441702193699
1.8715296749661468,0.6862840163298577
1.9722893684764662,0.7204349297979814
1.947428196582733,0.7284998463368273
1.9229951671393795,0.6964433354465039
1.913333970889957,0.7368620248989717
1.8675206353817184,0.6902872938145739
1.7869038564119233,0.7192468473298085
1.8982191906551062,0.6663333051919184
1.916490287841314,0.6726335241035555
1.786274818436032,0.7508559235917986
1.9376696540271547,0.7882093693950081
1.9019100907896314,0.7049804780504446
1.9243535210922582,0.7288960032313658
1.7938268288334778,0.7207616576110498
1.9496421064034613,0.752241504045541
1.8308858124729426,0.6998831863045974
1.9084343922447229,0.7437709626425864
1.8004097208514835,0.6979161944291654
1.7670478786202923,0.8028387061548579
1.8130186304108797,0.7189151146657209
1.7334162427641566,0.6109624459311076
1.8013686175549353,0.7321805545470974
1.7461939957632646,0.7299395913852698
1.8186261890324555,0.7278555784866204
1.793397981938983,0.6519624603180503
1.765268627949959,0.6818836230120093
1.738652662924075,0.7751367246423606
1.7124965420504559,0.6515556933694084
1.775503873006504,0.6948751014091356
1.7472849207595509,0.6949212284924614
1.8354080227573477,0.6699530747263857
1.7084603691735967,0.8079633551258396
1.7061602324160554,0.682843297146409
1.7143702589568661,0.7740247901184478
1.885097565313946,0.748514378050972
1.6273348595838304,0.7431791913220626
1.7362226303295953,0.7702281572373997
1.7392786603135588,0.7977524293638536
1.708330456658351,0.7414053633273326
1.6941795858168198,0.7841860082370338
1.6001242920116416,0.7361882531219817
1.6487022676382912,0.7195033202925308
1.6236200000820389,0.7371937068974556
1.6444525764917857,0.7544113069145679
1.5754416284524446,0.7061874624501036
1.7078412080878032,0.7854090596123573
1.6201195116274003,0.7754412839051352
1.6136786890948864,0.7627444434446695
1.6955820204552996,0.7443910506152496
1.6298653801269174,0.7075160164004561
1.6230441131236923,0.775901495722741
1.63477171480965,0.7293406441065469
1.6882060017713312,0.7785089800565352
1.5779163381261383,0.7606409814906254
1.4863904744401653,0.7561178176489733
1.5513029454686125,0.8153130725874136
1.5468835846409958,0.6950203259308773
1.5822102135693374,0.7277228399298293
1.511467618163172,0.8944785069531955
1.5399344419177425,0.7507878674414419
1.524170573387861,0.7220815547008785
1.5829773900001636,0.787390579021567
1.5842032058295652,0.7525491538138323
1.476520166651878,0.7710427640708573
1.520837563484351,0.7281323042895295
1.4773186697704026,0.7349566933289013
1.475566782161674,0.7523923927179368
1.5975947299046764,0.7699873513494879
1.535884474246158,0.7623658919640295
1.5453768181031573,0.6936955039081174
1.5373598258161434,0.7497071913530006
1.4724996258299108,0.659912480130664
1.4686447116601642,0.7006819629317268
1.4856068092726344,0.6979784638787778
1.4714116765777372,0.7097847787914169
1.4831568033421307,0.687428912175125
1.4877073776137903,0.8042051059005091
1.5027737874327256,0.7548013841993975
1.4680467365050418,0.6358180656101288
1.330060935194905,0.7714893719711546
1.4418021856542311,0.7093603693239325
1.3743161899136045,0.8071608588730299
1.4857979154776253,0.7657267152579657
1.4091207242483035,0.6492248855509601
1.4070092886268533,0.6778144992246151
1.3904020261970136,0.7307773339761571
1.382757473625167,0.841421595921442
1.4195401328039372,0.6827226518072901
1.394047159523842,0.7692311822543032
1.3584114096408697,0.6496968264346157
1.4765131242136869,0.7395627204441787
1.3190388323640194,0.7133733677464297
1.4276226878887572,0.6672940398623979
1.3183851523433323,0.7371799230171324
1.2971828741230547,0.6895624152605379
1.2430297618626107,0.7483693231950337
1.30618536230631,0.6925759983795668
1.3011545199367627,0.7312772796582929
1.318437288759218,0.6647480856528822
1.2807208093904858,0.7778160691373088
1.2785449534873616,0.6242374502000987
1.3757439248665342,0.7487072483901408
1.2597875244911145,0.689358944593283
1.2829186782123703,0.6503588303390713
1.252974784691978,0.7025686510468182
1.2528174511964734,0.6194346702298593
1.271182271720545,0.6589167727311712
1.223540624617043,0.7358557232202727
1.2055921383189336,0.6470069702438648
1.3568797125669265,0.7425376304009076
1.2275748242835007,0.6867375009528047
1.2355963904340326,0.5710351685045377
1.131153895966609,0.7095160668930298
1.1788456764181963,0.7156627855867432
1.2977685109728536,0.6529637379372788
1.1907955703083895,0.6659352992801166
1.251169405200986,0.5909614778021244
1.2615537333732525,0.7224838666378303
1.3121973158986862,0.6304611058957822
1.2187575242397655,0.6925988608518409
1.1849900871349126,0.651714560750381
1.1028199997922914,0.6440753718424047
1.214335291644825,0.672878987620146
1.1471206183499034,0.6207731972385432
1.104510001004485,0.6440452592172708
1.0206102363956453,0.5770420199846867
1.1992164363796183,0.6603683849378065
1.156662982319468,0.6187854353709932
1.1381807114900795,0.7053239403361913
0.9876405663366707,0.6250974362898571
1.1535269003243007,0.657721010995752
1.0993917797326909,0.7155561756360969
1.0956962564871655,0.6121174019491921
1.129466178505907,0.6688311628750576
1.2003968592772998,0.6495397426240189
1.188931865450228,0.4877529559090311
1.0474984831292875,0.5798626038507394
0.9857201723278146,0.5583009846695248
1.1114212134405563,0.5308778709180882
1.1191902770802868,0.6017543284169642
1.0827662225309307,0.5839119056861228
1.0168699465092923,0.5365272369420867
1.128035286868471,0.5679014912959238
1.0180411558802058,0.565990647605463
1.0671089339174993,0.6095576521823634
1.0637452042719948,0.5628891998562848
0.9755811430692878,0.573962623514654
1.0629951479453446,0.5675094610817483
1.0409380512649518,0.49397178846063816
1.0260984140379195,0.5212270116630655
1.0109887077931516,0.5054210358879074
0.9599691629422233,0.528632185330096
0.8974633909337848,0.560967427267587
0.9786571326026694,0.5522770046567569
1.0049854884436245,0.5290821058013251
1.0342737543526104,0.6706214948053475
0.9637807629314337,0.4476121417607588
1.0165957372085201,0.5489270013732939
0.9357004509612543,0.5499981682009272
0.9458695134096518,0.45736843126214477
1.0136091202757453,0.6121199151855259
0.907737421497502,0.5076218967763045
0.8933471110030424,0.5132324375678766
0.9484195059922045,0.445483531591937
0.9391126904878204,0.38948479255398893
0.9898297555743119,0.5292621936502802
0.9838406717470116,0.46932791887834824
0.9562839271712416,0.5121958283205428
0.9084506297931683,0.405363062870692
0.9827346462402677,0.5065426518030053
0.9307602543211937,0.43541182419812074
0.9228558453489961,0.5327840258719512
0.9517125278195973,0.47539712276467827
0.8976900236692216,0.44071500453979395
0.9505777349930788,0.44718819325267267
0.8366005737085347,0.3674825184247309
0.912462173933801,0.47253446694819123
0.8650675709003788,0.3940323311479015
0.8690362529954887,0.3852507101075676
0.9879571034168997,0.4138185319429639
0.8115009765531542,0.43601489240881
0.8262764271620935,0.4433850745239567
0.8747295952226559,0.33661529781515276
0.883463854541287,0.3784630407953705
0.8711724229737945,0.4264441059454417
0.8412773632953134,0.37593923320797495
0.9217056937529917,0.3725341141706605
0.8005079217945534,0.4801982035142428
0.8110218417974338,0.3339857877681771
0.7750762304881975,0.35271191502013244
0.8409503337709607,0.27277810623752896
0.8576634942765358,0.3282422488497262
0.8068433853703945,0.29833753942507935
0.8072294245381009,0.4116375805479474
0.7453845742222889,0.27987284856272954
0.7455743522722629,0.287781520888551
0.768760084644299,0.37707016397692383
0.7786656041790196,0.392386031434506
0.7754964596673459,0.3831181702422075
0.8136090230788531,0.1740935744058959
0.8522532978726629,0.17542587783601238
0.8251565638976259,0.34568560218100697
0.8968025669983288,0.25331058772529724
0.77479531460493,0.2452500305404019
0.7736386356438738,0.28105965173062064
0.6846176654068663,0.3502251586243127
0.7049618467185008,0.22409333512502438
0.7526532219081912,0.23297616366368407
0.7925734615976527,0.15140885237727103
0.778080475028613,0.36730684292033733
0.7157193816608878,0.2876138325678306
0.8192576142979775,0.2286493267528787
0.814176496650602,0.18899499424853056
0.7989869553114837,0.35478611496757684
0.8135252934740111,0.2507857332546065
0.7979167471780004,0.23686496737540458
0.7884639486224758,0.1340711075403443
0.684565759221228,0.2682919249738399
0.7575161206163945,0.18313063633856053
0.7411232453207579,0.09672924547970063
0.8068016752161953,0.21924441717854992
0.7738472077327612,0.21655398711602986
0.7857389261297067,0.2472733306311864
0.6731392531186826,0.1999999831373785
0.7839875668949232,0.12780438603314986
0.6431221067214008,0.13321161513769736
0.7665877048296359,0.11686475093082033
0.7418409060736011,0.30488937841210095
0.6202692272377335,0.12918836013866886
0.7280204863164366,0.08670050777221733
0.6886166068455917,0.1317920923557565
0.7362154887050016,0.1462830870250652
0.6708735466906002,0.0993596769004425
0.6265725327118759,0.20618233177758238
0.7130728849825125,0.23074115455782063
0.7138401512840353,0.16460410254758334
0.7138920071377022,0.1811867334873561
0.7245680959957908,0.07350102783799156
0.6184739535040884,0.19688615569358586
0.6543715363659393,-0.026600060004994014
0.6939490413632794,0.08387972747312816
0.6921688879496561,0.022388076067483886
0.7103944009122782,0.08527705026545934
0.5980779591937924,0.0232738734330295
0.7061978343109205,0.07329998871089272
0.6974919621481548,0.12038121115723494
0.6407269045660151,0.020986164128303786
0.644968499572875,0.049330135863238755
0.6313922993757781,0.053560741101624676
0.7029370623013964,-0.032583716849886646
0.7039497745265082,0.12035283909327044
0.6725422429402812,0.04708482705883826
0.6720052434977706,-0.02734762002568536
0.5821229785377162,0.11059848800460853
0.6715574110844937,-0.036342947302809014
0.6800975773316784,-0.05464499798731151
0.6132663310100037,-0.03284842305950081
0.6978353050073562,-0.019015302367382858
0.7168120610586548,-0.008628442934446673
0.6791491701044483,-0.04965172201228804
0.62889128971393,-0.036288451787375636
0.7252626731049059,-0.050161288862374254
0.7641456396145534,-0.07034441038888434
0.6145775738780581,-0.0623617943113339
0.7621905403426887,-0.050450217036971806
0.6454141858095619,-0.10463629787744189
0.7107665292786154,-0.048041880351894606
0.6426190018695637,-0.1414697336340731
0.6427310734331528,-0.12065137473559137
0.5740386330032758,-0.027384626853042104
0.6120963551698271,-0.20526824669456398
0.6247754715240283,-0.09587237571755128
0.6289268854374419,-0.16056822313200383
0.6895053487043834,-0.20726481591990525
0.6166435403232646,-0.08728713026975032
0.5999442366578958,-0.234054853065356
0.65581158819303,-0.18993853925609538
0.6744898716684324,-0.09189027553486412
0.6971776129500011,-0.09803729951058485
0.6620654819203522,-0.10512954268066785
0.6540011225558291,-0.11110655357089913
0.590369333563562,-0.08434520709329621
0.6594275190084149,-0.16920532295804885
0.5973940362671608,-0.18213214558710375
0.5846234690069392,-0.16899766599428076
0.6868281174272317,-0.16610953370415066
0.6057222462800418,-0.21660699179972653
0.6996363767674199,-0.21096474135641355
0.6400558135158512,-0.21317801956068907
0.5673599962445013,-0.23072917762868117
0.6585524942547782,-0.22531797354613878
0.5993477282770261,-0.19876509098752168
0.7363428411340311,-0.31374720944536555
0.5139446653207007,-0.24659566493880627
0.589712937705154,-0.26209661817737595
0.637850704471721,-0.2683987892959889
0.5976723703589379,-0.28516829024256923
3.8966537617609616,0.2281885740071934
3.947644025650679,0.262062543154812
3.993821013099594,0.26566749620359764
4.057170152142261,0.19342273765115647
3.976570909927712,0.15793141509039427
3.9908552327321747,0.12707694626230176
3.916920407403102,0.21661952190140024
4.058385567575305,0.19758978916855013
3.9904193605123974,0.20588261476612302
3.9364819750579887,0.24451113743572941
4.014835146332977,0.19878738853288463
3.995992233421316,0.22307372812795728
3.994426740657344,0.13969994531559984
3.9564089598721006,0.18086820903618078
3.949558860699284,0.16781491034240312
3.9264301264059522,0.13849190769728814
3.996904046450623,0.09176415516225078
3.9297842531843505,0.16587242247039558
4.083795003848233,0.13147014212175617
4.030326968711522,0.11111521215846418
4.087264572858089,0.16674099241100815
4.09875442489569,0.17387521278172696
3.992085652238267,0.036368076878893485
3.984033949611393,0.058055142176353436
3.9632768286130595,0.12951369801688867
4.031320214120189,0.14410185046721002
4.025719559306719,0.030703753943334522
3.955882551817159,0.07766235033887112
3.967736708116178,0.11218790541212575
4.007797949417712,0.14627020401559815
4.0336228295939955,0.07116245558447612
3.968899436305001,0.04484316689997567
3.941081595010963,-0.021269512432533
3.9813196253692875,0.0982430735291015
4.080485557622947,0.09408622912561782
4.037216793226703,-0.01779012893032117
4.009345571025751,0.059933747882133986
4.030716080888555,0.053141340099504025
3.9872266937250123,0.024444293199863742
3.9499206634879584,0.06257627128340718
3.950637203580658,-0.008260293040940947
4.003564287227848,-0.10668442262979738
4.000951270989531,-0.032858028578170606
3.9930227974757195,0.03330656478632968
3.975940753187364,-0.03472391636491179
4.025323452220921,0.06296130441610004
3.9969630250406287,-0.05278693879361146
3.9029516239487885,-0.01376143595040763
3.8859934188636576,-0.14059868039219714
3.9790973181530465,-0.05465953744577684
3.8983150880603397,-0.046897844139659195
3.838390449518582,-0.15719224773140528
3.8954880762746993,-0.02195919936138785
3.8966043899109764,-0.09667745534763045
3.9441118992792576,-0.07904974137616416
3.8809963193801806,-0.029069746382480277
3.92423612723173,-0.10764405912859876
3.9101148068786333,-0.12182429131152417
3.914842829079364,-0.15297198090458858
3.8666045765684895,-0.1793920395894918
3.971842837977899,-0.08636710054791569
3.901264398973838,-0.09162667184062634
3.938176697104683,-0.11936614154711433
3.916404146231178,-0.14460656809047523
3.9211335517265837,-0.12194789485516178
3.8945754038408604,-0.13776366880835805
3.969171940133866,-0.1361252010651735
3.967570871198505,-0.1679302081957788
3.8822535248433843,-0.1771187468122875
3.908039742327682,-0.19408020193184766
3.883485601540472,-0.1114710005629701
3.8991670696815506,-0.2467823329790904
3.856234572265548,-0.18832569903104052
3.8698726806031267,-0.21306268476419726
3.921743026265918,-0.21862997719799404
3.8580763602104873,-0.12963173055518634
3.9551088286257583,-0.1569401824727339
3.852622602773871,-0.22865769218809506
3.762608720704425,-0.3155879810798876
3.8563646032729073,-0.14042038870283424
3.8157036590107043,-0.2237153021410136
3.8558745258035825,-0.31922927318959704
3.934919425591293,-0.18189088997486946
3.882941867628513,-0.2487583203150749
3.8487872416622415,-0.17902159934871203
3.873443658983006,-0.30281078269390727
3.85641965798391,-0.2041301852623843
3.832094259078261,-0.16891248474858617
3.841423222975334,-0.3433869585992019
3.890379824693901,-0.3352212203013487
3.841726622757525,-0.2754924585993026
3.7531347168812133,-0.24560834448000035
3.8304693982141607,-0.3070968004771467
3.8002827489688844,-0.3829667247791091
3.7965553611112877,-0.31301557590810847
3.8205668495767915,-0.2630673059778653
3.897074041117272,-0.3009585356026264
3.83788038398274,-0.3081430242041382
3.759464700663097,-0.26528528557835307
3.9111002283905765,-0.3533540454872637
3.8521268596667184,-0.4040085222719848
3.7555892942212212,-0.32181501966611514
3.8237304480959193,-0.3291468506366989
3.8343139225237497,-0.37719703887124645
3.8967857784107425,-0.34504091702341577
3.7702607757360935,-0.3791888220099986
3.697614456361516,-0.3583255994951001
3.7656347577056866,-0.3871393930184689
3.8077819940223976,-0.4540283308930888
3.7063272839520645,-0.35980182293530594
3.713968854572528,-0.443334608393124
3.6778643897207024,-0.42427076150323906
3.797564294278061,-0.40694049252391706
3.6704502511948007,-0.4769808885414287
3.8569083058489264,-0.3878320194045648
3.790783442597441,-0.43301404342830996
3.7572988071116757,-0.4441631567493659
3.802410127007894,-0.3709989931235601
3.853414263939543,-0.5466424738703921
3.667229049102741,-0.3391039687113261
3.727538406524268,-0.29024600288976843
3.6732737448695514,-0.505477978854331
3.692425705969188,-0.44250511121926506
3.7016739053203294,-0.46778665085550764
3.8089674017938036,-0.5210719682233927
3.716967295287932,-0.49122306197800747
3.63909524165738,-0.41946793878497457
3.61098206112116,-0.42677429891582563
3.7024743775940525,-0.5438229494239895
3.6291316470669446,-0.6345434434992054
3.679188582286863,-0.5272026014145846
3.6852646897948835,-0.48851514421652786
3.6153437224636393,-0.41232249506281016
3.7099223409502144,-0.49937703048889137
3.6783481993921208,-0.5782563140368744
3.6500307178864895,-0.5249307128391837
3.717838449446224,-0.5572282788364271
3.643557918495056,-0.4559052355895561
3.708643513864817,-0.44311441485234404
3.69783273059005,-0.3773816172098923
3.6152219715968315,-0.4641797338753191
3.6370012917862087,-0.5766105189340041
3.6221079976230848,-0.5664908129210238
3.5865547559370774,-0.5205791191296705
3.575136506720531,-0.506840159431379
3.5838758804715125,-0.5889666535763858
3.5455984346034395,-0.5712624150424004
3.570986368699578,-0.41208785651920443
3.6244740668409228,-0.5441866567129021
3.608349836015343,-0.5805017722134302
3.6779002507517395,-0.5312817637045777
3.548755882448618,-0.44327058162132205
3.5840577677572765,-0.546619468130673
3.6097601822217236,-0.5735458144729936
3.541926046534574,-0.5634281515628659
3.6940402153624228,-0.5144927260965927
3.5828383109956228,-0.5648547964168427
3.559914153554068,-0.48021231654530805
3.49255770430012,-0.549272404054422
3.5565277949315655,-0.6144679856790476
3.509460858608108,-0.5561612173885635
3.539937273667437,-0.5030833298334625
3.5331282722132737,-0.5426337684345343
3.4688050220620354,-0.6749501740047645
3.556257229189142,-0.5672169499186821
3.452447019268718,-0.676382252447819
3.492734367251967,-0.6724856542259976
3.479869437843201,-0.5753590428885326
3.3847319823775996,-0.611435143194166
3.480962396699255,-0.6391670573534172
3.4637867697096656,-0.6155129175543191
3.5111661195116013,-0.5900896404054474
3.4769215024523357,-0.7018896628791919
3.4223489720825997,-0.6401621622060951
3.4290587645902826,-0.6058425903012082
3.469979508077147,-0.625025493689538
3.486867345252862,-0.6824953260459534
3.4579259115516687,-0.6119097368717681
3.410436565313085,-0.6423100004175691
3.330445481434333,-0.6920585482758734
3.4928785539928238,-0.6524042705691423
3.4246923987277773,-0.595892126557022
3.319859236675829,-0.5752107191645569
3.4164490931426976,-0.6267721433773135
3.4048046211054324,-0.664565082134636
3.397622597006227,-0.6117902845360073
3.422504098907198,-0.5958273421421239
3.370065018539191,-0.6511322609966389
3.471748837815694,-0.6205468670062679
3.3190015366288725,-0.709071135896735
3.449920694069436,-0.6859300363814512
3.4169660571261566,-0.6289757139758146
3.3710554481396655,-0.5851601229423631
3.3046549833591605,-0.6708762165881849
3.3385547462347684,-0.6550246993941996
3.4365929376139865,-0.6448405130534258
3.2911272644943326,-0.6947556028195607
3.3262614912760977,-0.7579814598859311
3.2650865440452956,-0.6269650098464482
3.325772246182847,-0.6814641180101066
3.376602931292532,-0.7470298109493148
3.2763291636276604,-0.7021234947692762
3.26364519971904,-0.6980949952106126
3.3590789745096066,-0.7908492649702987
3.2007067668934424,-0.6739866435928231
3.2718946110301563,-0.6368373377227151
3.1816081513214343,-0.7082343496522202
3.254762859938767,-0.781023917372897
3.2875778169224734,-0.6884339128209999
3.2512356771613313,-0.6792272332208522
3.2558368211118536,-0.7034447783564969
3.1940426557497466,-0.6976021049554576
3.1902993284314896,-0.6878787069033725
3.1611809748631563,-0.6884655068259382
3.2294690795771728,-0.7231348978780731
3.2155299462711744,-0.6933152564099762
3.2362172246656575,-0.7486341658569364
3.166954659071397,-0.6873488630377117
3.2208684661071807,-0.793834620996211
3.1534170818135987,-0.6835957936071624
3.256262611444099,-0.6744530362083115
3.1470387554471726,-0.782805830610003
3.197178967341255,-0.6836056568144929
3.190023717405689,-0.7138114787372547
3.108725989339881,-0.689552139575643
3.0493478115378716,-0.6823901187277543
3.2026954955621707,-0.685397587549616
3.1101319720981815,-0.7444809006542434
3.106183088495176,-0.7352825272322243
3.14368613720358,-0.8102393213571175
3.089918248929603,-0.7271180385929474
3.0907494543413785,-0.7195981583758726
3.0639214976688485,-0.8002834969503738
3.0920788435471307,-0.7107925907622752
3.102292801107235,-0.8606737621626828
3.1387325144130536,-0.7748859986037089
2.976232819400435,-0.7158732930841271
3.0177885108873688,-0.7585178192649278
3.0648046808202083,-0.7156758699806255
3.074567629336182,-0.7747960210869476
3.070053506555942,-0.6759384524678334
2.91670183243198,-0.8017905144483148
3.015151079737832,-0.7400955930967937
3.0314704191685915,-0.7268989000348886
3.0606918407066934,-0.7719483665611824
2.966103054072545,-0.6720808521114165
3.019843302703614,-0.7497840285820893
3.025783505498375,-0.6716673827117681
3.077256206586147,-0.7828561972762351
2.966190438412196,-0.8332336576289554
2.9438011760077045,-0.8178285306965232
3.0027817847636356,-0.7545989317525907
3.060531516713062,-0.7899558532720106
2.9123149262180066,-0.7411690854116585
2.9342844573509823,-0.7743797298676371
2.961438062836386,-0.7459883732319065
2.9864872918237815,-0.6845171586518644
2.9103072167430803,-0.6671281501649746
2.989476273997391,-0.8180907784410238
2.998105415279233,-0.72737245977828
2.973570036468427,-0.8381874673985834
2.977972517985603,-0.7147200613244274
2.8957653126021663,-0.7454158191401842
2.8775808811734107,-0.7181485669156518
2.83524438532774,-0.7799500469214962
2.941411061552053,-0.8509626133438069
2.879947870155964,-0.7913876201710786
3.0022180001104255,-0.6803617218383977
2.9457170904973884,-0.7697738832433432
2.8428180251643838,-0.7745097035865509
2.9122887444491163,-0.7074829459343007
2.900679451601227,-0.7092274529969491
2.7651346527161307,-0.7815135674891975
2.828761395604906,-0.7380696864561832
2.905850180095121,-0.7544206334872428
2.8889192903076073,-0.8037663016775483
2.8589922660517377,-0.6834098857078997
2.790926602531489,-0.7736219193338496
2.765750678286108,-0.7192673538274565
2.774509070563859,-0.7847950791103617
2.833999733360117,-0.7759330426909365
2.8199925321567383,-0.7857149909193344
2.834885581895273,-0.6987386374738114
2.7928367607280578,-0.7484138445895303
2.8147094693377532,-0.7693774249653613
2.8166755473918514,-0.7325059889166482
2.7579260776246075,-0.7028758366584065
2.708196965370615,-0.7411803558834212
2.774168915603079,-0.8246322162731741
2.764462949032949,-0.6870499380861147
2.741539068165337,-0.6805217065955608
2.7355136716336705,-0.777011327254457
2.833753004610704,-0.6864206570221008
2.759179000797478,-0.7287867898737166
2.773066187440775,-0.6995529760037308
2.777308855112059,-0.6942473896525058
2.562736517932204,-0.6868875711181924
2.70329489186046,-0.6709982633316937
2.8345124528555212,-0.7250844939249467
2.716079074753582,-0.6357470130679725
2.6767858814195202,-0.7077648158376726
2.680042982734542,-0.7256184075272167
2.7592228398477188,-0.6293249109699158
2.777369419416319,-0.6529086989199262
2.639985993327263,-0.7110424451208098
2.655493193905339,-0.6757715360822094
2.667604049875817,-0.5926999800464892
2.6946500135404534,-0.6871132611738704
2.6173402800119616,-0.7321730824224517
2.6140692956211837,-0.6622691156194233
2.6737409527283518,-0.6890500161727373
2.584221865447775,-0.6931720330682075
2.594831984894748,-0.6990281495511196
2.563869773841754,-0.6631551839557597
2.5673041262745,-0.6726303141320047
2.582877368380526,-0.6427438202093971
2.6342067571949705,-0.6722421610971682
2.5986259337905198,-0.6073781083275547
2.6056979533933187,-0.8381603529784043
2.6122742196602733,-0.6605503211786846
2.5344421467041283,-0.5829812548225729
2.5729615312437533,-0.6779598837911579
2.507203332490775,-0.7501479365147399
2.5557838199816465,-0.7001097157287257
2.6001204111991214,-0.6600653526784767
2.480798080466226,-0.668782532397446
2.5847301668177143,-0.5591568266352618
2.501631257318862,-0.7027628330797617
2.5932072535731194,-0.6101592215217805
2.500133209488187,-0.6672419451793516
2.521534176230016,-0.6132934253809691
2.5047113097233495,-0.6254104313381692
2.538194629728472,-0.6048351266362418
2.517655761714557,-0.6456744030175728
2.5241787265733637,-0.7224641841914003
2.4122784932959016,-0.5418026060929668
2.4591005188796666,-0.48794619336190437
2.461684460929866,-0.6052772496993402
2.5029585990364414,-0.6633432735764052
2.446432974276438,-0.679682198662961
2.5058297193888963,-0.5867225945556563
2.4433436311169947,-0.49350958567475867
2.426076680124959,-0.6229201126443308
2.448005931506742,-0.5635921888282149
2.387966187366997,-0.5198606067589769
2.395220277849302,-0.6071404102429306
2.4393120252669735,-0.5868780719616553
2.4641398028484094,-0.5482553412657686
2.46092903136276,-0.6257033172560216
2.389515654732312,-0.5807905882493334
2.3789871071965067,-0.5355801935295793
2.436627858105746,-0.5300456949573062
2.441566333291988,-0.4989679102732929
2.392302836782588,-0.5317780159030665
2.354302433341261,-0.5181975975360804
2.3108724558829605,-0.6316674374566278
2.3619288473412823,-0.5868269588178404
2.433234839768472,-0.6215175110978013
2.296351640535196,-0.5481439424120846
2.3389875801818127,-0.5622839962273971
2.47486732735769,-0.5157266557384338
2.3358475406506196,-0.5783328664914029
2.37823412220271,-0.44300544387832697
2.3079004546468225,-0.47545787094370384
2.351583620089653,-0.537162900597829
2.2794056320784057,-0.5603291828341865
2.3296384610721823,-0.46264117978739927
2.332970241920061,-0.4748616987715557
2.282368522466014,-0.527539938369654
2.3312666496918357,-0.5117149385292469
2.2786296617007196,-0.40008599157873115
2.2199337046796677,-0.39743091977349443
2.2664185007184243,-0.5454327480848095
2.3673068368587336,-0.44708657305175015
2.3513844292774646,-0.3924995442340674
2.3122933675835045,-0.40643066687230733
2.242599403925026,-0.4870061544498726
2.2578731414074924,-0.5169442099366308
2.2653759865821588,-0.4622715312711273
2.201894950837776,-0.5435943250157227
2.3332089213499527,-0.3526765831564346
2.194203110670689,-0.40835917860057647
2.306804524076805,-0.4284219303928869
2.246079038058962,-0.36189090722586104
2.2932740094812596,-0.3835222557509492
2.1235031794331976,-0.4445738054815165
2.2141187148609944,-0.4663716882103015
2.2041041750276245,-0.3631568102156131
2.2565324154722086,-0.35738013539791
2.2491830241338353,-0.36102081363496996
2.2133716393006475,-0.4149529183940718
2.260842437573433,-0.3745747863407446
2.1371356495585228,-0.4058470459360116
2.26338800438944,-0.4547366805566997
2.2425437078906922,-0.45198986198441937
2.1656423775041915,-0.40834205662314804
2.1551100484141523,-0.3421423917049512
2.17843259335535,-0.3777234186382795
2.285924469353569,-0.32057934770361196
2.0821651517531103,-0.3250451922931268
2.2273615084499787,-0.34765192410593304
2.1351527691395837,-0.34179362031285565
2.200725933357007,-0.3151652112691653
2.266686196432758,-0.29169069437765616
2.1626431044573105,-0.33433124998758545
2.1615413984392466,-0.3588530590189004
2.1086313706600093,-0.4120527356212057
2.202966809988818,-0.23894930182726792
2.158679864587868,-0.2984683387732955
2.1762648243352185,-0.3612527079293485
2.2039377780557188,-0.25016091433319454
2.211904037803999,-0.2816727193778148
2.1560589969006685,-0.26297525172112846
2.1243319483695178,-0.24141695015157588
2.144295921156398,-0.2240745163765555
2.1771103464569377,-0.2347009080175469
2.140628967312389,-0.27778657709232635
2.087025885076949,-0.1952039125770138
2.1691707730290988,-0.1734015667133887
2.168555636037145,-0.20254974955266536
2.232699778033959,-0.21671108285829593
2.1741253767416406,-0.14445812010106646
2.1684012071174967,-0.19966689925012415
2.0788766567250025,-0.16187631309542616
2.0631933378464473,-0.23941218179039442
2.0585715184299724,-0.15148255711904074
2.0782696916581287,-0.27995009664923054
2.085669089920775,-0.17016680103007764
2.1011033682629368,-0.17000091462298644
2.0974380412325457,-0.17075089058676474
2.1454040324497674,-0.18126961952793152
2.0622854119158704,-0.09818703210049273
2.1482762899690675,-0.1728305478374324
2.1026813369681774,-0.21498235869465626
2.113240946380121,-0.1522268464754848
2.1099644014546657,-0.10341021475842244
2.093871507272902,-0.13973940918203986
2.106451519745132,-0.13811979999548596
2.0095508500482984,-0.13967449393498066
2.068229298003986,-0.20306129481828716
2.1515856428331137,-0.020602597018028745
2.0363249554171885,-0.025766660394843766
2.1107950789622363,-0.024024208586377938
2.1247141201453115,-0.0447841633578232
2.1234878299281066,-0.15781932131957832
1.94521364869113,-0.19916149838523645
2.0959901098934464,-0.09751076570296857
1.9143957956210857,-0.01750632795094198
2.0044595204496427,-0.09293317264915257
2.130028907667855,-0.11074136708895044
1.969559749056815,-0.044321605768239736
2.0418151005287166,0.013807951829902354
2.02937617118346,-0.003988183326784078
1.9861967750441192,-0.004812171430373602
2.091400116083857,-0.036037306804107605
2.1001919522910697,0.036204669303160464
2.108698111015535,-0.10727765518324778
2.0666810708809447,-0.11085365155507931
1.971090252089858,0.06609677008965001
1.9807851441732964,0.029439569370246
1.9537272024304544,-0.036410345556600554
2.016323641889169,-0.01233793321636567
2.0467829003000784,-0.009460770293607146
2.044492056104346,-0.003179714387698207
1.9635470129081662,-0.04336943172409974
2.0254541681952727,-0.0007532827074934745
2.039046544013674,0.014092487145592913
2.0498936292014127,0.03585491670255517
1.9589868011901976,0.048009712441756364
1.9756970220174095,0.1016828230544696
2.009901699030679,0.02372882791698938
2.1163759030699323,0.05706505992412192
2.0218482411543017,0.0392148968866555
2.0735389184572934,0.17008360643330234
1.94504704239964,0.05337051383663352
2.0850021980879823,0.11471671930514574
2.070444131705229,0.14617482819579924
1.9928379013059163,0.048643236100963716
2.0048898495381824,0.1655622065651866
2.0614824468519637,0.10056860512342097
1.9157672711167186,0.07516506940403916
2.0210413387049364,0.15750947560180645
1.9803321456501917,0.17896132563468609
1.9888793951835004,0.12425273584834695
2.028606649666836,0.21356567633073245
2.0137604009502232,0.17348726938268794
2.0088448213520267,0.20872063182187084
1.9688089721658257,0.17990669438986912
2.0747781652605712,0.16973275999381865
1.9410625438698879,0.20289540329634434
2.0228112588389067,0.1159856976141996
1.972552730493982,0.20044335113309283
1.9508977125901419,0.193298554245957
1.9554123052287498,0.2450496810348219
1.9921018250099047,0.30312887563477003
2.0526712147363377,0.2564222297986342
1.9562116149007158,0.24229663885786512
2.031718023241248,0.2766535653243418
2.0208822000123794,0.253043083189258
1.961904027726216,0.20937898192251705
